name,day1,day2,day3,day4,day5,day6,day7,day8,day9,day10,day11,day12,day13,day14,day15
id,1,2,3,4,5,6,7,8,9,10,11,12,13,14,15
income,239,0,25,5,0,26,0,0,0,0,0,0,0,0,0
expense,200,323,306,293,310,333,350,333,313,300,313,300,333,313,333
num_of_customer,13,0,1,1,0,1,0,0,0,0,0,0,0,0,0
num_of_chef,1,2,2,2,2,2,2,2,2,2,2,2,2,2,2
chef_salary,3000,6700,6200,5800,6300,7000,7500,7000,6400,6000,6400,6000,7000,6400,7000
dish_score,0.5499999999999999,0.9200000000000002,0.8699999999999999,0.8299999999999998,0.8783333333333333,0.9500000000000001,1.0,0.9500000000000001,0.89,0.8499999999999999,0.89,0.85,0.9500000000000001,0.89,0.95
customer_score,6.0,6.0,6.0,6.2,6.2,6.333333333333333,6.333333333333333,6.333333333333333,6.333333333333333,6.333333333333333,6.333333333333333,6.333333333333333,6.333333333333333,6.333333333333333,6.333333333333333
dishes,"{""Cobb Salad"": 9, ""Chocolate Brownie Sundae"": 4, ""Classic Cheeseburger"": 3, ""Key Lime Pie"": 7, ""Smoked BBQ Ribs"": 6, ""Buffalo Wings"": 1, ""Mac 'n' Cheese"": 1, ""Sweet Potato Fries"": 1}",{},"{""Smoked BBQ Ribs"": 1, ""Buffalo Wings"": 1, ""Spicy Shrimp Tacos"": 1}","{""American Apple Crumble"": 1}",{},"{""Premium Smoked BBQ Ribs"": 1, ""Cobb Salad"": 1, ""Decadent Chocolate Lava Cake"": 1}",{},{},{},{},{},{},{},{},{}
